subject,condition,TH,MOp,HY,BF,AUD,DMNp,SSp,DMNa,STR,HCa,SSs,SAL,OLF,CTXsp,VIS,SUB
sub-ag231031b,SHAM,0.6404657933042213,0.636098981077147,0.6273653566229985,0.6331877729257642,0.6142649199417758,0.6317321688500728,0.6404657933042213,0.6331877729257642,0.6404657933042213,0.6200873362445415,0.6142649199417758,0.6215429403202329,0.61863173216885,0.6200873362445415,0.6302765647743813,0.6244541484716157
sub-ag231031c,EXP,0.5920634920634921,0.5619047619047619,0.5650793650793651,0.580952380952381,0.5777777777777777,0.5873015873015873,0.580952380952381,0.580952380952381,0.5857142857142857,0.580952380952381,0.5746031746031746,0.5714285714285714,0.5555555555555556,0.5476190476190477,0.5603174603174603,0.5777777777777777
sub-ag231031d,SHAM,0.5659259259259259,0.5733333333333334,0.5733333333333334,0.5674074074074074,0.5674074074074074,0.5674074074074074,0.5659259259259259,0.5644444444444444,0.5688888888888889,0.562962962962963,0.5718518518518518,0.5644444444444444,0.5585185185185185,0.56,0.562962962962963,0.5585185185185185
sub-ag231103a,SHAM,0.6742532005689901,0.6785206258890469,0.647226173541963,0.6600284495021337,0.6699857752489331,0.6785206258890469,0.6671408250355618,0.6742532005689901,0.662873399715505,0.6614509246088194,0.6614509246088194,0.6500711237553343,0.6344238975817923,0.6301564722617354,0.6699857752489331,0.6699857752489331
sub-ag231103b,SHAM,0.631496062992126,0.6409448818897637,0.6094488188976378,0.6299212598425197,0.6141732283464567,0.6409448818897637,0.6283464566929133,0.6346456692913386,0.631496062992126,0.6094488188976378,0.6267716535433071,0.6173228346456693,0.6062992125984252,0.6094488188976378,0.6220472440944882,0.6362204724409449
sub-ag231103c,SHAM,0.602919708029197,0.6131386861313869,0.6145985401459854,0.6102189781021898,0.6145985401459854,0.6072992700729927,0.6248175182481752,0.6145985401459854,0.6043795620437956,0.6175182481751825,0.6145985401459854,0.6087591240875913,0.6072992700729927,0.6131386861313869,0.621897810218978,0.6102189781021898
sub-ag231103d,EXP,0.5808170515097691,0.5879218472468917,0.5808170515097691,0.5612788632326821,0.5879218472468917,0.5701598579040853,0.5914742451154529,0.5772646536412078,0.5630550621669627,0.5808170515097691,0.5843694493783304,0.5754884547069272,0.5754884547069272,0.5790408525754884,0.5790408525754884,0.566607460035524
sub-ag231110a,EXP,0.6934984520123839,0.6764705882352942,0.6702786377708978,0.6749226006191951,0.6656346749226006,0.6857585139318886,0.6718266253869969,0.6764705882352942,0.6826625386996904,0.7058823529411765,0.6408668730650154,0.6718266253869969,0.6718266253869969,0.6749226006191951,0.651702786377709,0.6919504643962848
sub-ag231110b,EXP,0.563338301043219,0.5648286140089419,0.5767511177347243,0.5856929955290611,0.5380029806259314,0.5529061102831595,0.5692995529061102,0.5424739195230999,0.5737704918032787,0.5365126676602087,0.5543964232488823,0.5767511177347243,0.5588673621460507,0.5618479880774963,0.5439642324888226,0.5484351713859911
sub-ag231110c,SHAM,0.624405705229794,0.6386687797147385,0.6085578446909667,0.6117274167987322,0.6101426307448494,0.6212361331220285,0.6291600633914421,0.6370839936608558,0.6402535657686212,0.6101426307448494,0.6386687797147385,0.6307448494453248,0.6085578446909667,0.6212361331220285,0.6038034865293186,0.6022187004754358
sub-ag231110d,EXP,0.5665322580645161,0.592741935483871,0.5866935483870968,0.5645161290322581,0.5705645161290323,0.5967741935483871,0.5806451612903226,0.5806451612903226,0.5766129032258065,0.5766129032258065,0.5967741935483871,0.5967741935483871,0.5967741935483871,0.594758064516129,0.5665322580645161,0.5705645161290323
sub-ag231110e,SHAM,0.6608695652173913,0.6417391304347826,0.648695652173913,0.6521739130434783,0.662608695652174,0.6695652173913044,0.662608695652174,0.6417391304347826,0.6608695652173913,0.6504347826086957,0.6660869565217391,0.6452173913043479,0.6573913043478261,0.6452173913043479,0.64,0.6660869565217391
sub-ag231110f,SHAM,0.6260869565217392,0.6521739130434783,0.6226086956521739,0.648695652173913,0.6069565217391304,0.6330434782608696,0.6573913043478261,0.6365217391304347,0.6295652173913043,0.6139130434782609,0.6313043478260869,0.6313043478260869,0.64,0.6278260869565218,0.6469565217391304,0.6156521739130435
sub-ag231113c,SHAM,0.5982905982905983,0.6025641025641025,0.5669515669515669,0.5811965811965812,0.5726495726495726,0.5854700854700855,0.5911680911680912,0.5982905982905983,0.5883190883190883,0.5925925925925926,0.5769230769230769,0.5883190883190883,0.5868945868945868,0.584045584045584,0.5612535612535613,0.584045584045584
sub-ag231113d,EXP,0.5769230769230769,0.5887573964497042,0.5754437869822485,0.5769230769230769,0.5636094674556213,0.5650887573964497,0.5739644970414202,0.5857988165680473,0.5754437869822485,0.5636094674556213,0.5813609467455622,0.5784023668639053,0.5739644970414202,0.5680473372781065,0.5591715976331361,0.5621301775147929
sub-ag231113e,SHAM,0.5576923076923077,0.5650887573964497,0.5724852071005917,0.5547337278106509,0.5502958579881657,0.5636094674556213,0.5591715976331361,0.5591715976331361,0.5532544378698225,0.5695266272189349,0.5636094674556213,0.5695266272189349,0.5650887573964497,0.5680473372781065,0.5473372781065089,0.5414201183431953
sub-ag231113f,EXP,0.5867507886435331,0.5962145110410094,0.5772870662460567,0.580441640378549,0.5851735015772871,0.6041009463722398,0.583596214511041,0.5883280757097792,0.5946372239747634,0.6088328075709779,0.5914826498422713,0.6009463722397477,0.5899053627760252,0.5962145110410094,0.6041009463722398,0.6041009463722398
sub-ag231114a,EXP,0.4948453608247423,0.5110456553755522,0.5228276877761414,0.5139911634756995,0.5051546391752577,0.5213549337260678,0.49779086892488955,0.5051546391752577,0.5125184094256259,0.4963181148748159,0.5022091310751104,0.5360824742268041,0.508100147275405,0.5066273932253313,0.508100147275405,0.5272459499263623
sub-ag231114b,EXP,0.6464646464646465,0.6320346320346321,0.6392496392496393,0.6291486291486291,0.6464646464646465,0.6493506493506493,0.6320346320346321,0.6378066378066378,0.6479076479076479,0.6320346320346321,0.6363636363636364,0.6421356421356421,0.6305916305916306,0.6464646464646465,0.6320346320346321,0.6349206349206349
sub-ag231114c,EXP,0.5810055865921788,0.5772811918063314,0.5884543761638734,0.5921787709497207,0.5847299813780261,0.5940409683426443,0.5847299813780261,0.5791433891992551,0.5921787709497207,0.5847299813780261,0.5921787709497207,0.5735567970204841,0.5847299813780261,0.5754189944134078,0.5791433891992551,0.5828677839851024
sub-ag231114d,SHAM,0.6359712230215827,0.6503597122302158,0.637410071942446,0.6316546762589929,0.6187050359712231,0.6460431654676259,0.6503597122302158,0.6431654676258993,0.6345323741007194,0.6244604316546762,0.6489208633093525,0.6302158273381295,0.6086330935251798,0.6057553956834533,0.6431654676258993,0.637410071942446
sub-ag231114e,SHAM,0.6230440967283073,0.6230440967283073,0.631578947368421,0.6273115220483642,0.6088193456614509,0.6230440967283073,0.6230440967283073,0.6386913229018493,0.6287339971550497,0.6273115220483642,0.620199146514936,0.6301564722617354,0.620199146514936,0.6258890469416786,0.6273115220483642,0.635846372688478
sub-ag231114f,EXP,0.6134868421052632,0.6134868421052632,0.6118421052631579,0.6200657894736842,0.5986842105263158,0.6167763157894737,0.6036184210526315,0.6069078947368421,0.6069078947368421,0.6085526315789473,0.6151315789473685,0.6052631578947368,0.6151315789473685,0.5921052631578947,0.5805921052631579,0.5904605263157895
sub-ag231115b,SHAM,0.6011730205278593,0.6480938416422287,0.6524926686217009,0.624633431085044,0.6378299120234604,0.592375366568915,0.6304985337243402,0.6466275659824047,0.6319648093841642,0.6495601173020528,0.6495601173020528,0.656891495601173,0.6480938416422287,0.655425219941349,0.6334310850439883,0.6436950146627566
sub-ag231115c,SHAM,0.6204819277108434,0.6039156626506024,0.6054216867469879,0.6174698795180723,0.6265060240963856,0.6280120481927711,0.6024096385542169,0.6310240963855421,0.6099397590361446,0.6129518072289156,0.6144578313253012,0.6129518072289156,0.6159638554216867,0.6114457831325302,0.6114457831325302,0.6189759036144579
sub-ag231115d,SHAM,0.5746031746031746,0.5968253968253968,0.5793650793650794,0.5936507936507937,0.5888888888888889,0.5936507936507937,0.5793650793650794,0.5952380952380952,0.5888888888888889,0.5650793650793651,0.5888888888888889,0.5873015873015873,0.5873015873015873,0.5857142857142857,0.5888888888888889,0.5682539682539682
sub-ag231115f,SHAM,0.6204906204906205,0.6176046176046176,0.6132756132756133,0.6060606060606061,0.6204906204906205,0.6190476190476191,0.6262626262626263,0.6147186147186147,0.6060606060606061,0.6176046176046176,0.6161616161616161,0.6060606060606061,0.6031746031746031,0.6017316017316018,0.6089466089466089,0.6176046176046176
sub-ag231116c,EXP,0.5865237366003063,0.6033690658499234,0.5865237366003063,0.5895865237366003,0.5880551301684533,0.5865237366003063,0.6033690658499234,0.6033690658499234,0.5911179173047473,0.5758039816232772,0.5926493108728943,0.6140888208269525,0.6018376722817764,0.5987748851454824,0.5803981623277182,0.5742725880551302
sub-ag231116d,SHAM,0.625,0.6279411764705882,0.6220588235294118,0.6441176470588236,0.6132352941176471,0.6323529411764706,0.6279411764705882,0.6161764705882353,0.6308823529411764,0.6147058823529412,0.6338235294117647,0.6279411764705882,0.6352941176470588,0.6338235294117647,0.5985294117647059,0.6191176470588236
sub-ag231130a,EXP,0.6032,0.5936,0.6048,0.5936,0.6016,0.576,0.6,0.592,0.5936,0.5888,0.6064,0.5792,0.5808,0.5792,0.5712,0.5904
sub-ag231130b,EXP,0.5138461538461538,0.5276923076923077,0.5292307692307693,0.5461538461538461,0.5061538461538462,0.5261538461538462,0.5169230769230769,0.5184615384615384,0.5353846153846153,0.5292307692307693,0.5307692307692308,0.5246153846153846,0.5353846153846153,0.5276923076923077,0.5061538461538462,0.5323076923076923
sub-ag231130c,EXP,0.604602510460251,0.6422594142259415,0.5920502092050209,0.6255230125523012,0.6108786610878661,0.6255230125523012,0.6255230125523012,0.6192468619246861,0.6171548117154811,0.602510460251046,0.6276150627615062,0.6317991631799164,0.602510460251046,0.608786610878661,0.604602510460251,0.5941422594142259
sub-ag231130e,EXP,0.5891089108910891,0.5891089108910891,0.5841584158415841,0.5726072607260726,0.570957095709571,0.5858085808580858,0.5759075907590759,0.5792079207920792,0.5792079207920792,0.5841584158415841,0.5825082508250825,0.570957095709571,0.5726072607260726,0.5742574257425742,0.570957095709571,0.5874587458745875
